trace_name,status,instructions,cycles,ipc,l2c_total_access,l2c_total_hit,l2c_total_miss,l2c_hit_rate,l2c_miss_rate,l2c_mpki,l2c_load_access,l2c_load_hit,l2c_load_miss,l2c_rfo_access,l2c_rfo_hit,l2c_rfo_miss,l2c_write_access,l2c_write_hit,l2c_write_miss,l2c_prefetch_access,l2c_prefetch_hit,l2c_prefetch_miss,l2c_translation_access,l2c_translation_hit,l2c_translation_miss,l2c_pf_requested,l2c_pf_issued,l2c_pf_useful,l2c_pf_useless,l2c_avg_miss_latency,l1d_total_access,l1d_total_miss,l1d_to_l2c_ratio,llc_total_access,llc_total_hit,llc_total_miss,l2c_to_llc_ratio
barnes_1.champsimtrace.xz,OK,500000000,224155479,2.230594595459342,0,0,0,0.0,0.0,0.0,0,0,0,0,0,0,0,0,0,0,0,0,0,0,0,0,0,0,0,0.0,0,0,0.0,54342,22209,32133,0.0
bc_kron22.champsimtrace.xz,OK,500000000,915305892,0.5462654664086878,0,0,0,0.0,0.0,0.0,0,0,0,0,0,0,0,0,0,0,0,0,0,0,0,0,0,0,0,0.0,0,0,0.0,6806585,1111159,5695426,0.0
bc_urand22.champsimtrace.xz,ERROR: TIMEOUT,0,0,0.0,0,0,0,0.0,0.0,0.0,0,0,0,0,0,0,0,0,0,0,0,0,0,0,0,0,0,0,0,0.0,0,0,0.0,0,0,0,0.0
bfs_kron22.champsimtrace.xz,ERROR: TIMEOUT,0,0,0.0,0,0,0,0.0,0.0,0.0,0,0,0,0,0,0,0,0,0,0,0,0,0,0,0,0,0,0,0,0.0,0,0,0.0,0,0,0,0.0
bfs_kron22_n64.champsimtrace.xz,ERROR: TIMEOUT,0,0,0.0,0,0,0,0.0,0.0,0.0,0,0,0,0,0,0,0,0,0,0,0,0,0,0,0,0,0,0,0,0.0,0,0,0.0,0,0,0,0.0
bfs_urand22_n64.champsimtrace.xz,ERROR: TIMEOUT,0,0,0.0,0,0,0,0.0,0.0,0.0,0,0,0,0,0,0,0,0,0,0,0,0,0,0,0,0,0,0,0,0.0,0,0,0.0,0,0,0,0.0
blackscholes_1.champsimtrace.xz,OK,500000004,285289518,1.752605589946701,0,0,0,0.0,0.0,0.0,0,0,0,0,0,0,0,0,0,0,0,0,0,0,0,0,0,0,0,0.0,0,0,0.0,445758,342150,103608,0.0
cc_kron22.champsimtrace.xz,ERROR: TIMEOUT,0,0,0.0,0,0,0,0.0,0.0,0.0,0,0,0,0,0,0,0,0,0,0,0,0,0,0,0,0,0,0,0,0.0,0,0,0.0,0,0,0,0.0
cc_urand22.champsimtrace.xz,ERROR: TIMEOUT,0,0,0.0,0,0,0,0.0,0.0,0.0,0,0,0,0,0,0,0,0,0,0,0,0,0,0,0,0,0,0,0,0.0,0,0,0.0,0,0,0,0.0
cholesky_1.champsimtrace.xz,OK,500000003,241757690,2.0681865507566686,0,0,0,0.0,0.0,0.0,0,0,0,0,0,0,0,0,0,0,0,0,0,0,0,0,0,0,0,0.0,0,0,0.0,677677,595474,82203,0.0
cholesky_nosp.champsimtrace.xz,OK,500000001,491015572,1.0182976457618333,0,0,0,0.0,0.0,0.0,0,0,0,0,0,0,0,0,0,0,0,0,0,0,0,0,0,0,0,0.0,0,0,0.0,2386442,860671,1525771,0.0
dlrm_4g.champsimtrace.xz,OK,500000000,302726107,1.6516580117749804,0,0,0,0.0,0.0,0.0,0,0,0,0,0,0,0,0,0,0,0,0,0,0,0,0,0,0,0,0.0,0,0,0.0,5968,592,5376,0.0
facesim_1.champsimtrace.xz,OK,500000004,229552182,2.178154002474261,0,0,0,0.0,0.0,0.0,0,0,0,0,0,0,0,0,0,0,0,0,0,0,0,0,0,0,0,0.0,0,0,0.0,129674,51545,78129,0.0
fft_m24.champsimtrace.xz,OK,500000000,250164757,1.9986828120637312,0,0,0,0.0,0.0,0.0,0,0,0,0,0,0,0,0,0,0,0,0,0,0,0,0,0,0,0,0.0,0,0,0.0,444847,148862,295985,0.0
fluidanimate_1.champsimtrace.xz,OK,500000003,197163343,2.5359683772454598,0,0,0,0.0,0.0,0.0,0,0,0,0,0,0,0,0,0,0,0,0,0,0,0,0,0,0,0,0.0,0,0,0.0,48998,26920,22078,0.0
fmm_1.champsimtrace.xz,OK,500000004,204245761,2.4480312421269788,0,0,0,0.0,0.0,0.0,0,0,0,0,0,0,0,0,0,0,0,0,0,0,0,0,0,0,0,0.0,0,0,0.0,46038,15268,30770,0.0
lu_cb_n1024.champsimtrace.xz,OK,500000002,410075258,1.2192883921809299,0,0,0,0.0,0.0,0.0,0,0,0,0,0,0,0,0,0,0,0,0,0,0,0,0,0,0,0,0.0,0,0,0.0,334942,165789,169153,0.0
lu_ncb_1.champsimtrace.xz,OK,500000004,481054669,1.0393829147098457,0,0,0,0.0,0.0,0.0,0,0,0,0,0,0,0,0,0,0,0,0,0,0,0,0,0,0,0,0.0,0,0,0.0,736201,260888,475313,0.0
ocean_cp_1.champsimtrace.xz,OK,500000000,265048584,1.886446599541162,0,0,0,0.0,0.0,0.0,0,0,0,0,0,0,0,0,0,0,0,0,0,0,0,0,0,0,0,0.0,0,0,0.0,923343,231450,691893,0.0
ocean_ncp_1.champsimtrace.xz,OK,500000002,259460064,1.927078850947944,0,0,0,0.0,0.0,0.0,0,0,0,0,0,0,0,0,0,0,0,0,0,0,0,0,0,0,0,0.0,0,0,0.0,5003404,4599410,403994,0.0
or_aes_place.champsim.trace.xz,OK,500000000,314762066,1.5885014555724768,0,0,0,0.0,0.0,0.0,0,0,0,0,0,0,0,0,0,0,0,0,0,0,0,0,0,0,0,0.0,0,0,0.0,499370,326024,173346,0.0
or_aes_route.champsim.trace.xz,OK,500000004,314743195,1.5885967097715965,0,0,0,0.0,0.0,0.0,0,0,0,0,0,0,0,0,0,0,0,0,0,0,0,0,0,0,0,0.0,0,0,0.0,490627,319937,170690,0.0
or_jpeg_place.champsim.trace.xz,OK,500000000,314412434,1.5902678963389851,0,0,0,0.0,0.0,0.0,0,0,0,0,0,0,0,0,0,0,0,0,0,0,0,0,0,0,0,0.0,0,0,0.0,496006,322602,173404,0.0
or_jpeg_route.champsim.trace.xz,OK,500000000,312217037,1.6014500835840038,0,0,0,0.0,0.0,0.0,0,0,0,0,0,0,0,0,0,0,0,0,0,0,0,0,0,0,0,0.0,0,0,0.0,483674,314153,169521,0.0
pot3d_tiny.champsim.trace.xz,ERROR: TIMEOUT,0,0,0.0,0,0,0,0.0,0.0,0.0,0,0,0,0,0,0,0,0,0,0,0,0,0,0,0,0,0,0,0,0.0,0,0,0.0,0,0,0,0.0
pr_kron22_n16.champsimtrace.xz,ERROR: TIMEOUT,0,0,0.0,0,0,0,0.0,0.0,0.0,0,0,0,0,0,0,0,0,0,0,0,0,0,0,0,0,0,0,0,0.0,0,0,0.0,0,0,0,0.0
pr_urand22.champsimtrace.xz,ERROR: TIMEOUT,0,0,0.0,0,0,0,0.0,0.0,0.0,0,0,0,0,0,0,0,0,0,0,0,0,0,0,0,0,0,0,0,0.0,0,0,0.0,0,0,0,0.0
pr_urand22_n16.champsimtrace.xz,ERROR: TIMEOUT,0,0,0.0,0,0,0,0.0,0.0,0.0,0,0,0,0,0,0,0,0,0,0,0,0,0,0,0,0,0,0,0,0.0,0,0,0.0,0,0,0,0.0
radiosity_1.champsimtrace.xz,OK,500000001,352505127,1.418419088695978,0,0,0,0.0,0.0,0.0,0,0,0,0,0,0,0,0,0,0,0,0,0,0,0,0,0,0,0,0.0,0,0,0.0,21357,5199,16158,0.0
radix_1.champsimtrace.xz,OK,500000001,227027425,2.2023770960711024,0,0,0,0.0,0.0,0.0,0,0,0,0,0,0,0,0,0,0,0,0,0,0,0,0,0,0,0,0.0,0,0,0.0,338161,168912,169249,0.0
radix_nosp.champsimtrace.xz,OK,500000002,227027383,2.2023775079149814,0,0,0,0.0,0.0,0.0,0,0,0,0,0,0,0,0,0,0,0,0,0,0,0,0,0,0,0,0.0,0,0,0.0,338172,168922,169250,0.0
raytrace_1.champsimtrace.xz,OK,500000004,474831642,1.0530048121771969,0,0,0,0.0,0.0,0.0,0,0,0,0,0,0,0,0,0,0,0,0,0,0,0,0,0,0,0,0.0,0,0,0.0,3103506,3086817,16689,0.0
sssp_kron22.champsimtrace.xz,ERROR: TIMEOUT,0,0,0.0,0,0,0,0.0,0.0,0.0,0,0,0,0,0,0,0,0,0,0,0,0,0,0,0,0,0,0,0,0.0,0,0,0.0,0,0,0,0.0
sssp_urand22.champsimtrace.xz,ERROR: TIMEOUT,0,0,0.0,0,0,0,0.0,0.0,0.0,0,0,0,0,0,0,0,0,0,0,0,0,0,0,0,0,0,0,0,0.0,0,0,0.0,0,0,0,0.0
streamcluster_1.champsimtrace.xz,OK,500000002,391572468,1.2769028541608294,0,0,0,0.0,0.0,0.0,0,0,0,0,0,0,0,0,0,0,0,0,0,0,0,0,0,0,0,0.0,0,0,0.0,1041642,35945,1005697,0.0
tc_kron22.champsimtrace.xz,ERROR: TIMEOUT,0,0,0.0,0,0,0,0.0,0.0,0.0,0,0,0,0,0,0,0,0,0,0,0,0,0,0,0,0,0,0,0,0.0,0,0,0.0,0,0,0,0.0
tc_urand22.champsimtrace.xz,ERROR: TIMEOUT,0,0,0.0,0,0,0,0.0,0.0,0.0,0,0,0,0,0,0,0,0,0,0,0,0,0,0,0,0,0,0,0,0.0,0,0,0.0,0,0,0,0.0
volrend_1.champsimtrace.xz,OK,500000001,295693211,1.690941768020504,0,0,0,0.0,0.0,0.0,0,0,0,0,0,0,0,0,0,0,0,0,0,0,0,0,0,0,0,0.0,0,0,0.0,119252,111245,8007,0.0
water_nsquared_1.champsimtrace.xz,OK,500000000,318354179,1.570577780918654,0,0,0,0.0,0.0,0.0,0,0,0,0,0,0,0,0,0,0,0,0,0,0,0,0,0,0,0,0.0,0,0,0.0,613344,612576,768,0.0
water_spatial_1.champsimtrace.xz,OK,500000000,357133371,1.4000371866677226,0,0,0,0.0,0.0,0.0,0,0,0,0,0,0,0,0,0,0,0,0,0,0,0,0,0,0,0,0.0,0,0,0.0,17047,2552,14495,0.0
x264_1.champsimtrace.xz,OK,500000000,284699283,1.756239055930464,0,0,0,0.0,0.0,0.0,0,0,0,0,0,0,0,0,0,0,0,0,0,0,0,0,0,0,0,0.0,0,0,0.0,1233811,732705,501106,0.0
xcompact3d.champsim.trace.xz,OK,500000004,630735547,0.7927252655699775,0,0,0,0.0,0.0,0.0,0,0,0,0,0,0,0,0,0,0,0,0,0,0,0,0,0,0,0,0.0,0,0,0.0,13484929,9287534,4197395,0.0
xgboost_higgs.champsim.trace.xz,ERROR: exit_code=-6,0,0,0.0,0,0,0,0.0,0.0,0.0,0,0,0,0,0,0,0,0,0,0,0,0,0,0,0,0,0,0,0,0.0,0,0,0.0,0,0,0,0.0
